INSERT INTO DOCUMENTO VALUES
	('CI000', 'Carta Identità', 'Comune di Lucca', '2021-12-21'),
	('CI001', 'Carta Identità', 'Comune di Pisa', '2022-04-07'),
	('CI002', 'Carta Identità', 'Comune di Firenze', '2021-07-04'),
	('CI043', 'Carta Identità', 'Comune di Arezzo', '2021-11-03'),
	('CI459', 'Carta Identità', 'Comune di Grosseto', '2022-12-21'),
	('CI432', 'Carta Identità', 'Comune di Siena', '2021-03-11'),
	('PG432', 'Patente Guida', 'Comune di Pistoia', '2021-07-08'),
	('PG567', 'Patente Guida', 'Comune di Milano', '2018-03-21'),
	('PG569', 'Patente Guida', 'Comune di Torino', '2020-03-25'),
	('PG305', 'Patente Guida', 'Comune di Varese', '2019-12-24'),
	('PG125', 'Patente Guida', 'Comune di Venezia', '2021-02-21'),
	('PG465', 'Patente Guida', 'Comune di Palermo', '2021-06-21'),
	('CI980', 'Carta Identità', 'Comune di Napoli', '2021-11-21'),
	('CI140', 'Carta Identità', 'Comune di Crotone', '2023-12-21'),
	('PP356', 'Passaporto', 'Comune di Bari', '2020-10-14'),
	('PP456', 'Passaporto', 'Comune di Rieti', '2021-01-25'),
	('PP034', 'Passaporto', 'Comune di Campobasso', '2021-07-12'),
	('PP214', 'Passaporto', 'Comune di Termoli', '2021-05-21'),
	('PG587', 'Patente Guida', 'Comune di Barga', '2021-11-26'),
	('PG234', 'Patente Guida', 'Comune di Montepulciano', '2021-10-23');

INSERT INTO UTENTE VALUES
	('Arglebargle', 'TBQSZY34H06L152U', 'Gatti', 'Tommaso', '716-606-5113', '2018-11-16', 'CI000', 'Carta Identità', 'RXZbr3tMG7', 'si','italiana','Via Francesco Del Giudice 46', '50039', 'Firenze', 'pippo', 'animale domestico'),
	('Fluminous', 'RTYMNM38S25C533G', 'Cani', 'Maria', '896-368-0788', '2018-11-16', 'CI001', 'Carta Identità','BA6CHGuvTr', 'si','italiana', 'Via Domenico Morelli 6', '65010', 'Pescara' , 'oliver', 'animale domestico'),
	('Vartabed', 'PDNDJT62T29D920U','Bove', 'Maddalena','961-916-1486', '2018-11-16', 'CI002', 'Carta Identità', 'yEKZAx6hD6', 'si', 'italiana',  'Vicolo Tre Marchetti 24', '31018', 'Treviso', 'stellina', 'animale domestico'), 
	('Triskelion', 'GTLLZL77S25L502H','Tigri', 'Romeo', '263-238-3681' , '2018-11-16', 'CI043', 'Carta Identità', 'ZVTekPqan4', 'si', 'italiana', 'Strada Provinciale 65', '24127', 'Bergamo','bruce', 'animale domestico'), 
	('Pleurodynia', 'NDFRFH54S63I152D','Cavalli', 'Roberto','271-268-3977', '2018-11-16', 'CI459', 'Carta Identità', '6FNpQpGWtL', 'si', 'italiana', 'Via Tal dei Tali 342', '34256', 'Buggiano','jack', 'animale domestico'), 
	('Seismotic', 'NNZTGN81P04L777F','Gufi', 'Epidonio','919-943-2322', '2018-11-16','CI432', 'Carta Identità', 'NuHm8BMXFV', 'si', 'italiana', 'Via Tol dei Toli 675', '45678','Ripafratta','rex', 'animale domestico'), 
	('CodysawVair', 'CYJHCF68H20B444D','Gallina', 'Ultima','779-782-3134' , '2018-11-16', 'PG432', 'Patente Guida', 'bspm6MkXFE', 'si', 'italiana', 'Via Buia 78', '13474', 'Bergamo','pippo', 'animale domestico'), 
	('Zugtrompete', 'LXLFHW67P41I346I','Nutrie', 'Lorella', '917-943-7246' , '2018-11-16', 'PG567', 'Patente Guida', 'kHQmBYXWKT', 'si', 'italiana', 'Via Lucente 55', '36678', 'Palermo','pluto', 'animale domestico'), 
	('Volvelle', 'RQUMGF93E60H347R','Facoceri', 'Osvaldo','309-594-1725' , '2018-11-16', 'PG569', 'Patente Guida', 'rJ7AmKM4WK', 'si', 'italiana', 'Via Penombra 45', ' 46532', 'Treviso','pluto', 'animale domestico'), 
	('Maximalism', 'VMCZSF31M07D551D','Faraona', 'Elettra', '963-603-8440' , '2018-11-16', 'PG305', 'Patente Guida', 'YbXSXfrUX2', 'si', 'italiana', 'Via Qualsiasi 34', '30694', 'Milano','stella', 'animale domestico'), 
	('Clerisy', 'BSTXMB30B56F648O','Orata', 'Marcello','326-956-9782' , '2018-11-16', 'PG125', 'Patente Guida', 'JrsSeScYTz' , 'si','italiana', 'Piazza Cavour, 15', '43296', 'Livorno','luna', 'animale domestico'), 
	('OttomAcracy', 'QMSCVN95T30G716I','Cinghiali', 'Maria Rita','255-600-4088' , '2018-11-16', 'PG465', 'Patente Guida', 'LspB7sJUhk', 'si','italiana', 'Parco della Vittoria', '1', 'Genova','ottone', 'animale domestico'), 
	('Fuchsia', 'TBLDLM76T18L595L','Ricci', 'Egisto', '315-372-9725' , '2018-11-16','CI980', 'Carta Identità', 'GZ9Y5pBTq3' , 'si','italiana', 'Vicolo Corto 2', '12345', 'Monopoli','ottina', 'animale domestico'), 
	('Anorchous', 'RWCXLB76C47H655W','Pappagalli', 'Norina', '590-532-8973', '2018-11-16', 'CI140', 'Carta Identità', '9YWCekE3bH', 'si','italiana', 'Vicolo Stretto 3', '24563', 'Lignate','paperone', 'animale domestico'), 
	('Ginglyform', 'VSGRQP78M49G206T','Cervi', 'Luigi', '480-810-6426', '2018-11-16', 'PP356', 'Passaporto', 'mGpvSg8YJZ', 'si','italiana', 'Corso Magellano 56', '25980', 'Cortina','paperoga', 'animale domestico'), 
	('Querken', 'CDHRFM41M12E475E','Giaguaro', 'Vivetta', '424-490-2837', '2018-11-16', 'PP456', 'Passaporto', 'zgaj6WCyYE', 'si','italiana', 'Corso Ateneo 54', '33290', 'Torino','topolino', 'animale domestico'), 
	('MatlacBrogue', 'JSNTPD98T28L547L','Ratto', 'Sabina', '530-337-0006', '2018-11-16', 'PP034', 'Passaporto', 'jMpWyhpuhQ', 'si','italiana', 'Piazza Università 67', '00324', 'Roma','minnie', 'animale domestico'), 
	('Luminous', 'RCUPDK65C13E488B','Lepre', 'Edoardo', '327-525-5821', '2018-11-16', 'PP214', 'Passaporto', 'Zs6XJnUfhD', 'si','italiana', 'Via Verdi 45', '44369', 'Cosenza','paperino', 'animale domestico'), 
	('Clinkstone', 'TBZXML30T49A020K','Capra', 'Renzo', '449-852-7301', '2018-11-16', 'PG587', 'Patente Guida', 'CHHyW4vv3A', 'si','italiana', 'Piazza Giulio Cesare 27', '55040', 'Aulla','gastone', 'animale domestico'), 
	('Inhumist', 'WVHLSN91H55H565K','Muli', 'Antonella', '688-215-3379', '2018-11-16', 'PG234', 'Patente Guida', 'HGSG3eWA6a', 'si','italiana', 'Via Diotisalvi 13', '55039', 'Pisa','pluto', 'animale domestico');

INSERT INTO PROPONENTE VALUES	
	('Arglebargle',0,0),
	('Vartabed',0,0),
	('CodysawVair',0,0),
	('Fuchsia',0,0),
	('MatlacBrogue',0,0),
	('Inhumist',0,0),
	('Fluminous',0,0),
	('Triskelion',0,0),
	('Pleurodynia',0,0);
		
INSERT INTO FRUITORE VALUES
	('Clinkstone',0,0),
	('Luminous',0,0),
	('MatlacBrogue',0,0),
	('Querken',0,0),
	('Ginglyform',0,0),
	('Anorchous',0,0),
	('Fuchsia',0,0),
	('OttomAcracy',0,0),
	('Clerisy',0,0),
	('Seismotic',0,0),
	('Zugtrompete',0,0),
	('Volvelle',0,0),
	('Maximalism',0,0);
INSERT INTO STRADA(Nome, Tipologia) VALUES
		('Viale Castruccio Castracani', 'SR'), /*a->1*/
		('Viale Guglielmo Marconi', 'SC'),	   /*b->2*/
		('Viale Giovanni Pacini', 'SC'), 	   /*c->3*/
		('Via Elisa', 'SC'), 				   /*d->4*/
		('Variante Aurelia', 'SS'),			   /*e->5*/   /* SS 1*/
		('Viale Giuseppe Giusti', 'SC'),	   /*f->6*/
		('Autostrada Firenze-Mare', 'A'),	   /*g->7*/
		('Via Aurelia', 'SS'),				   /*h->8*/
		('Via Boccella', 'SC'),				   /*i->9*/
		('Via Ermegildo Pistelli', 'SC'),	   /*l->10*/
		('Via Gigliotti', 'SC'),	  		   /*m->11*/
		('Via Pola', 'SC'),	  				   /*o->12*/
		('Via Antonio Fratti', 'SC'),	  	   /*p->13*/
		('Via Zara', 'SC'),  				   /*q->14*/
		('Via Ucci', 'SP'),					   /*r->15*/ /*raccordo*/
		('Via Cara', 'SP');					   /*s->16*/ /*raccordo*/

INSERT INTO CHILOMETRO VALUES
	(1, 'N,11,12,15', 'E,012,013,015', 70, 5),
	(1, 'N,11,12,16', 'E,012,013,016', 70, 6),
	(1, 'N,11,12,17', 'E,012,013,017', 70, 7),
	(1, 'N,11,12,18', 'E,012,013,018', 70, 8),
	(1, 'N,11,12,19', 'E,012,013,019', 70, 9),
	(2, 'N,21,22,10', 'E,022,023,010', 50, 10),
	(2, 'N,21,22,11', 'E,022,023,011', 50, 11),
	(2, 'N,21,22,12', 'E,022,023,012', 50, 12),
	(2, 'N,21,22,13', 'E,022,023,013', 50, 13),
	(3, 'N,31,32,00', 'E,033,034,000', 50, 0),
	(3, 'N,31,32,01', 'E,033,034,001', 50, 1),
	(3, 'N,31,32,02', 'E,033,034,002', 50, 2),
	(4, 'N,41,42,02', 'E,044,045,002', 50, 2),
	(4, 'N,41,42,03', 'E,044,045,003', 50, 3),
	(4, 'N,41,42,04', 'E,044,045,004', 50, 4),
	(4, 'N,41,42,05', 'E,044,045,005', 50, 5),
	(4, 'N,41,42,06', 'E,044,045,006', 50, 6),
	(4, 'N,41,42,07', 'E,044,045,007', 50, 7),
	(5, 'N,51,52,10', 'E,055,056,010', 70, 10), 	/*corsia di uscita/immisione considerata nel km stesso*/
	(5, 'N,51,52,11', 'E,055,056,011', 110, 11),
	(5, 'N,51,52,12', 'E,055,056,012', 110, 12),
	(5, 'N,51,52,13', 'E,055,056,013', 110, 13),
	(5, 'N,51,52,14', 'E,055,056,014', 110, 14),
	(5, 'N,51,52,15', 'E,055,056,015', 110, 15),
	(5, 'N,51,52,16', 'E,055,056,016', 110, 16),
	(5, 'N,51,52,17', 'E,055,056,017', 110, 17),
	(5, 'N,51,52,18', 'E,055,056,018', 110, 18),
	(5, 'N,51,52,19', 'E,055,056,019', 110, 19),
	(5, 'N,51,52,20', 'E,055,056,020', 110, 20),
	(5, 'N,51,52,21', 'E,055,056,021', 110, 21),
	(5, 'N,51,52,22', 'E,055,056,022', 110, 22),
	(5, 'N,51,52,23', 'E,055,056,023', 110, 23),
	(5, 'N,51,52,24', 'E,055,056,024', 110, 24),
	(5, 'N,51,52,25', 'E,055,056,025', 110, 25),
	(6, 'N,61,62,00', 'E,066,067,000', 50, 0),
	(6, 'N,61,62,01', 'E,066,067,001', 50, 1),
	(6, 'N,61,62,02', 'E,066,067,002', 50, 2),
	(6, 'N,61,62,03', 'E,066,067,003', 50, 3),
	(6, 'N,61,62,04', 'E,066,067,004', 50, 4),
	(6, 'N,61,62,05', 'E,066,067,005', 50, 5),
	(6, 'N,61,62,06', 'E,066,067,006', 50, 6),
	(7, 'N,71,72,00', 'E,077,078,000', 70, 0),
	(7, 'N,71,72,01', 'E,077,078,001', 130, 1),
	(7, 'N,71,72,02', 'E,077,078,002', 130, 2),
	(7, 'N,71,72,03', 'E,077,078,003', 130, 3),
	(7, 'N,71,72,04', 'E,077,078,004', 130, 4),
	(7, 'N,71,72,05', 'E,077,078,005', 130, 5),
	(7, 'N,71,72,06', 'E,077,078,006', 130, 6),
	(7, 'N,71,72,07', 'E,077,078,007', 130, 7),
	(7, 'N,71,72,08', 'E,077,078,008', 130, 8),
	(7, 'N,71,72,09', 'E,077,078,009', 130, 9),
	(7, 'N,71,72,10', 'E,077,078,010', 130, 10),
	(7, 'N,71,72,11', 'E,077,078,011', 130, 11),
	(7, 'N,71,72,12', 'E,077,078,012', 130, 12),
	(7, 'N,71,72,13', 'E,077,078,013', 130, 13),
	(7, 'N,71,72,14', 'E,077,078,014', 130, 14),
	(7, 'N,71,72,15', 'E,077,078,015', 130, 15),
	(7, 'N,71,72,16', 'E,077,078,016', 130, 16),
	(7, 'N,71,72,17', 'E,077,078,017', 130, 17),
	(7, 'N,71,72,18', 'E,077,078,018', 130, 18),
	(7, 'N,71,72,19', 'E,077,078,019', 130, 19),
	(7, 'N,71,72,20', 'E,077,078,020', 130, 20),
	(7, 'N,71,72,21', 'E,077,078,021', 130, 21),
	(7, 'N,71,72,22', 'E,077,078,022', 130, 22),
	(7, 'N,71,72,23', 'E,077,078,023', 130, 23),
	(7, 'N,71,72,24', 'E,077,078,024', 130, 24),
	(7, 'N,71,72,25', 'E,077,078,025', 130, 25),
	(7, 'N,71,72,26', 'E,077,078,026', 130, 26),
	(7, 'N,71,72,27', 'E,077,078,027', 130, 27),
	(7, 'N,71,72,28', 'E,077,078,028', 130, 28),
	(7, 'N,71,72,29', 'E,077,078,029', 130, 29),
	(7, 'N,71,72,30', 'E,077,078,030', 130, 30),
	(8, 'N,81,82,11', 'E,088,089,011', 100, 11),
	(8, 'N,81,82,12', 'E,088,089,012', 100, 12),
	(8, 'N,81,82,13', 'E,088,089,013', 100, 13),
	(8, 'N,81,82,14', 'E,088,089,014', 100, 14),
	(8, 'N,81,82,15', 'E,088,089,015', 100, 15),
	(9, 'N,19,19,09', 'E,099,091,009', 40, 9),
	(9, 'N,19,19,10', 'E,099,091,010', 40, 10),
	(9, 'N,19,19,11', 'E,099,091,011', 40, 11),
	(10, 'N,10,10,04', 'E,010,010,004', 50, 4),
	(10, 'N,10,10,05', 'E,010,010,005', 50, 5),
	(10, 'N,10,10,06', 'E,010,010,006', 50, 6),
	(10, 'N,10,10,07', 'E,010,010,007', 50, 7),
	(10, 'N,10,10,08', 'E,010,010,008', 50, 8),
	(11, 'N,11,11,03', 'E,011,011,003', 50, 3),
	(11, 'N,11,11,04', 'E,011,011,004', 50, 4),
	(11, 'N,11,11,05', 'E,011,011,005', 50, 5),
	(12, 'N,12,12,12', 'E,012,012,012', 50, 12),
	(12, 'N,12,12,13', 'E,012,012,013', 50, 13),
	(12, 'N,12,12,14', 'E,012,012,014', 50, 14),
	(13, 'N,13,13,01', 'E,013,013,001', 50, 1),
	(13, 'N,13,13,02', 'E,013,013,002', 50, 2),
	(13, 'N,13,13,03', 'E,013,013,003', 50, 3),
	(13, 'N,13,13,04', 'E,013,013,004', 50, 4),
	(14, 'N,14,14,04', 'E,014,014,004', 50, 4),
	(14, 'N,14,14,05', 'E,014,014,005', 50, 5),
	(14, 'N,14,14,06', 'E,014,014,006', 50, 6),
	(15, 'N,15,15,00', 'E,015,015,000', 50, 0),
	(15, 'N,15,15,01', 'E,015,015,001', 50, 1),
	(16, 'N,16,16,00', 'E,016,016,000', 50, 0),
	(16, 'N,16,16,01', 'E,016,016,001', 50, 1);


INSERT INTO INCROCIO(Identificativo1, Latitudine1, Longitudine1, Identificativo2, Latitudine2, Longitudine2) VALUES
	(4, 'N,41,42,02', 'E,044,045,002', 13, 'N,13,13,04', 'E,013,013,004'),
	(14, 'N,14,14,06', 'E,014,014,006', 13, 'N,13,13,01', 'E,013,013,001'),
	(9, 'N,19,19,10', 'E,099,091,010', 8, 'N,81,82,11', 'E,088,089,011'),
	(9, 'N,19,19,11', 'E,099,091,011', 10, 'N,10,10,04', 'E,010,010,004'),
	(1, 'N,11,12,19', 'E,012,013,019', 2, 'N,21,22,13', 'E,022,023,013'),
	(2, 'N,21,22,13', 'E,022,023,013', 3, 'N,31,32,00', 'E,033,034,000'),
	(3, 'N,31,32,00', 'E,033,034,000', 1, 'N,11,12,19', 'E,012,013,019'),
	(3, 'N,31,32,00', 'E,033,034,000', 5, 'N,51,52,25', 'E,055,056,025'),
	(3, 'N,31,32,00', 'E,033,034,000', 6, 'N,61,62,00', 'E,066,067,000'),
	(3, 'N,31,32,00', 'E,033,034,000', 4, 'N,41,42,07', 'E,044,045,007'),
	(4, 'N,41,42,07', 'E,044,045,007', 6, 'N,61,62,00', 'E,066,067,000'),
	(4, 'N,41,42,07', 'E,044,045,007', 5, 'N,51,52,25', 'E,055,056,025'),
	(5, 'N,51,52,25', 'E,055,056,025', 6, 'N,61,62,00', 'E,066,067,000'),
	(6, 'N,61,62,00', 'E,066,067,000', 15, 'N,15,15,00', 'E,015,015,000'),
	(15, 'N,15,15,01', 'E,015,015,001', 7, 'N,71,72,00', 'E,077,078,000'),
	(8, 'N,81,82,15', 'E,088,089,015', 7, 'N,71,72,30', 'E,077,078,030'),
	(10, 'N,10,10,08', 'E,010,010,008', 16, 'N,16,16,01', 'E,016,016,001'),
	(10, 'N,10,10,08', 'E,010,010,008', 11, 'N,11,11,05', 'E,011,011,005'),
	(16, 'N,16,16,01', 'E,016,016,001', 11, 'N,11,11,05', 'E,011,011,005'),
	(12, 'N,12,12,14', 'E,012,012,014', 5, 'N,51,52,10', 'E,055,056,010'),    /* incrocio della corsia immissione*/
	(8, 'N,81,82,15', 'E,088,089,015', 16, 'N,16,16,00', 'E,016,016,000');		/*incrocio tra la strada h e la strada s*/

INSERT INTO IDENTIFICATORESTRADA(Numero,Cat,Suffisso)  VALUES
	(1, '-','bis'),   		/*classificazione strada e(5)  --> SS 1 bis , nessun valore per il campo "categorizzazione"*/
	(203, 'dir','ter'),		/*classificazione strada a(1) --> SR 203 */
	(32,'racc','bis'),		/*la strada 15 è un raccordo, il numero qui è un attributo della strada(scelto arbitrario)*/
	(67, 'racc','ter'),		/*la strada 16 è un raccordo, il numero qui è un attributo della strada(scelto arbitrario)*/
	(45, 'radd', 'quater'),	/*esempio per la strada 8 (statale)*/
    (15, '-', 'bis');		/*strada c(3)*/
	
INSERT INTO IDENTIFICA(Identificatore, IdentificativoS) VALUES
	(1, 5),		/*LA STRADA CON IDENTIFICATORE NUMERICO 1 NEL DB è STATA MEMORIZZATA COME STRADA CON CHIAVE 5*/
	(2, 1),	/*LA STRADA CON IDENTIFICATORE NUMERICO 203 NEL DB è STATA MEMORIZZATA COME STRADA CON CHIAVE 1*/
	(3, 15),	/*LA STRADA CON IDENTIFICATORE NUMERICO 32(arbitrario) NEL DB è STATA MEMORIZZATA COME STRADA CON CHIAVE 15 e questo descrive il fatto che sia un raccordo*/
	(4,16),	/*LA STRADA CON IDENTIFICATORE NUMERICO 67(arbitrario) NEL DB è STATA MEMORIZZATA COME STRADA CON CHIAVE 16 e questo descrive il fatto che sia un raccordo*/
	(5,8),	/*corrispondenza tra la strada 8 (indicizzazione interna) e quella dall' identificativo 45(classificazione da specifica)*/
	(6, 3); /*corrispondenza stada 3 a identificatore 15*/
    
INSERT INTO CARREGGIATA(NCarreggiata, NCorsie, SensiMarcia) VALUES
	(1, 2, 2),	/*1*/
	(1, 1, 1),	/*2*/
	(1, 3, 2),	/*3*/
	(1, 4, 2),	/*4*/
	(2, 2, 2),	/*5*/
	(2, 4, 2),	/*6*/
	(2, 6, 2),	/*7*/
	(2, 1, 2);	/*8*/

INSERT INTO POSSIEDE VALUES 
	(1, 1),
	(2, 1),
	(3, 8),
	(4, 1),
	(5, 5),
	(6, 1),
	(7, 5),
	(8, 1),
	(9, 1),
	(10, 1),
	(11, 1),
	(12, 1),
	(13, 1),
	(14, 1),
	(15, 8),
	(16, 2);

INSERT INTO AUTOSTRADA VALUES
	(7);

INSERT INTO EXTRAURBANA VALUES
	(5,'principale', 10),
	(8, 'secondaria', 11);
	
INSERT INTO URBANA VALUES
	(1),
	(2),
	(3),
	(4),
	(6),
	(9),
	(10),
	(11),
	(12),
	(13),
	(14);
	
INSERT INTO PEDAGGIO VALUES
	(7, 0, 0.05),
	(7, 15, 0.08);  /*DAL KM 15 COSTO PEDAGGIO = 0.08*/

INSERT INTO CARBURANTE VALUES
	('Gasolio', 1.456),
	('Benzina', 1.678),
	('Metano', 0.987),
	('GPL', 0.678);

INSERT INTO OPTIONAL(Descrizione) VALUES
	('Climatizzatore'),						/*1*/
	('Climatizzatore bizona'),				/*2*/
	('Sedili riscaldabili'),				/*3*/
	('Connectivity pack'),					/*4*/
	('Display touch'),						/*5*/
	('Cerchi in lega'),						/*6*/
	('Tettuccio panoramico'),				/*7*/
	('Fari a led'),							/*8*/
	('Camera retrovisore'),					/*9*/
	('Start and stop'),						/*10*/
	('Prevention collision assistant'),		/*11*/
	('Sedile regolabile in 2 dimensioni');	/*12*/

INSERT INTO AUTOVETTURA VALUES
	('EE000HG', 'BMW', 'X3', 2000, 5, 2018, 0, 0.05, 60, 170, 8, 5.7, 6.85, 408, 300, 'Gasolio', NULL, 'Arglebargle', 0, 0),
	('HG001PQ', 'Audi', 'A3', 2000, 5, 2016, 0, 0.07, 66, 180, 7, 4.7, 5.85, 386, 300, 'Gasolio', NULL, 'Fluminous', 0, 0),
	('PQ002AZ', 'Merchedes-Benz', 'A180d', 1800, 5, 2017, 0, 0.09, 56, 160, 7.5, 4.9, 5.375, 350, 250, 'Gasolio', NULL, 'Vartabed', 0, 0);

INSERT INTO DOTAZIONE VALUES
	(1, 'EE000HG'),
	(8, 'EE000HG'),
	(6, 'EE000HG'),
	(10,'EE000HG'),
	(2, 'HG001PQ'),
	(12, 'HG001PQ'),
	(9, 'HG001PQ'),
	(7, 'HG001PQ'),
	(5, 'HG001PQ'),
	(11, 'HG001PQ'),
	(1, 'PQ002AZ'),
	(9, 'PQ002AZ'),
	(4, 'PQ002AZ'),
	(3, 'PQ002AZ');

INSERT INTO TRAGITTO(kmInizioT, kmFineT, IdentificativoSP, IdentificativoSA) VALUES
	(3, 9, 11, 9),   					/*TRAGITTO 1: partenza dalla casa 6, arrivo alla casa 3 tramite strada L*/
	(10, 12, 2, 12),					/*TRAGITTO 2: partenza dalla casa 2, arrivo alla casa 4*/
	(4, 3, 14, 11),						/*TRAGITTO 3: partenza dalla casa 1, arrivo alla  casa 6*/
	(11,9, 8, 9);						/*TRAGITTO 4: variazione proposta da un fruitore pool sul tragitto 3*/

INSERT INTO COMPONES(CodiceTragitto, IdentificativoS,KmInizioStrada,KmFineStrada) VALUES	
	(1, 11, 3, 5),   	/*DESCRIZIONE DEL TRAGITTO 1 BLU*/
	(1, 10, 8, 4),
	(1, 9, 11,9),
	
	(2, 2, 10, 13),		/*DESCRIZIONE DEL TRAGITTO 2 VERDE*/
	(2, 3, 0, 2),
	(2, 5, 25, 10),
	(2, 12, 14, 12),
	
	(3, 14, 4, 6),		/*DESCRIZIONE DEL TRAGITTO 3 ARANCIO*/
	(3,	13,	1, 4),
	(3,	4, 	2, 7),
	(3, 6, 	0, 6),
	(3,	15,	0, 1),
	(3, 7, 	0, 30),
	(3, 16, 0, 1),
	(3, 11, 5, 3),
	
	(4, 8, 15, 11),  	/*DESCRIZIONE DEL TRAGITTO 4 ROSSO : PARTENZA DALL'INTERSEZIONE CON IL TRAGITTO PRINCIPALE, ARRIVO ALLA COORDINATA RICHIESTA*/
	(4, 9, 11, 9);

INSERT INTO CARSHARING VALUES
	(1, '2018-11-23 18:30:00', 'EE000HG', '2018-11-23 21:30:00', 12.5, 49576, 23),  /*49576 km, 23 litri di carburante*/
	(1, '2018-11-27 08:00:00', 'PQ002AZ', '2018-11-27 12:30:00', 11, 23752, 34);
	
INSERT INTO RICHIESTA(CodiceServizio,DataOraInizio,Targa,NomeUtenteF,DataOraFine,Esito,CarburanteFine) VALUES
	(1, '2018-11-23 18:30:00' , 'EE000HG', 'Zugtrompete', '2018-11-23 20:00:00', 'ok', 21),
	(1, '2018-11-27 08:00:00' , 'PQ002AZ', 'OttomAcracy', '2018-11-27 09:00:00', 'ok', 24);
	
INSERT INTO CARPOOLING VALUES
	(2, '2018-12-27 07:20:00', 'PQ002AZ', 'CPVartabed', '2018-11-23 08:40:00', 3, 'alto', 0,0),
	(2, '2018-11-23 07:20:00', 'PQ002AZ', 'CPVartabed', '2018-11-23 08:40:00', 3, 'alto', 0,0);
    
INSERT INTO PRENOTAZIONE(CodiceServizio,DataOraInizio,Targa,NomeUtenteF,CodiceTragitto,Esito,ConfermaUtente) VALUES
	(2, '2018-12-27 07:20:00', 'PQ002AZ', 'MatlacBrogue', 4, 'accettato', 'ok');
	
INSERT INTO PERCORRE(CodiceServizio,DataOraInizio, Targa, CodiceTragitto) VALUES
		(2, '2018-12-27 07:20:00', 'PQ002AZ', 3),
		(2, '2018-12-27 07:20:00', 'PQ002AZ', 4);  /*SE ESISTONO DELLE PRENOTAZIONI ACCETTATE CON VARIAZIONI DI TRAGITTO, VIENE INDICATA LA PERCORRENZA DI TALI TRAGITTI*/
		
INSERT INTO RIDESHARING VALUES	
	(3, '2018-11-23 17:45:00', 'HG001PQ', 0.5, 2);

INSERT INTO CHIAMATA(CodiceServizio, DataOraInizio, NomeUtenteF, Targa, LatitudineP, LongitudineP, IdentificativoSP, LatitudineA, LongitudineA, IdentificativoSA, Stato, TimestampRisposta, TimestampArrivo) VALUES
		(3, '2018-11-23 17:45:00', 'Fuchsia', 'HG001PQ', 'N,81,82,12', 'E,088,089,012', 8, 'N,12,12,12', 'E,012,012,012', 12, 'rejected', '2018-11-23 17:45:00', NULL),/*rifiutata*/
		(3, '2018-11-23 17:45:00', 'Luminous', 'HG001PQ', 'N,21,22,10', 'E,022,023,010', 2, 'N,51,52,16', 'E,055,056,016', 5, 'accepted', '2018-11-23 17:50:00', '2018-11-23 18:32:00');

		
		
INSERT INTO VALUTAZIONE( CodiceServizio,DataOraInizioServ,Persona,Comportamento,Serieta,PiacereViaggio,RecensioneTesto,Flag,NomeUtenteP,NomeUtenteF)VALUES
/*PRIMA VALUTAZIONI DA FRUITORI A PROPONENTI*/
	(1,'2018-11-23 18:30:00', 4, 5, 4, 5, 
			"Il proprietario è stato molto disponibile al dialogo quando gli ho comunicato un mio leggero ritardo. 
			Auto offerta in ottime condizioni, interni puliti,  profumati e meccanica mantenuta. consigliato.",
		2, 'Arglebargle', 'Zugtrompete' ),
		
	(1, '2018-11-27 08:00:00', 3, 4, 4, 3,
			"L'auto in generale era in buone condizioni, 
			tranne un piccolo problema al condizionatore. consiglio al proprietario di effettuare 
			un controllo a suddetto dispositivo.", 
		2, 'Vartabed', 'OttomAcracy'),
	(2, '2018-11-23 07:20:00', 5,5,5,5, 
			"Il conducente è stato molto simpatico e mi ha messo subito a mio agio con un CD Heavy-Metal. 
			Molto disponibile alla mia richiesta di una sosta ausiliaria per miei bisogni bio-psico-fisici.", 
		2, 'Vartabed', 'MatlacBrogue'),
	(3, '2018-11-23 17:45:00', 3,4,3,2,  
			"Il conducente è di poche parole. E un pò puzza. Almeno è stato puntuale.", 
		2, 'Fluminous', 'Luminous'),
		
/*VALUTAZIONI DA PROPONENTI A FRUITORI*/

	(1,'2018-11-23 18:30:00', 5, 4, 3, 4, 
			'Il cliente ha lasciato il mezzo in condizioni buone, rispettando gli accordi sul carburante. Utente consigliato.', 
		1, 'Arglebargle', 'Zugtrompete' ),
	(1, '2018-11-27 08:00:00', 2, 2, 3, 2, 
			"L'utente, essendo fumatore, non si è risparmiato dal fumare nella mia vettura! Sono veramente indinniatooooooooooo. 
			Almeno lo avesse specificato in precedenza, avrei risparmiato una igienizzazione degli interni.", 
		1, 'Vartabed', 'OttomAcracy'),
	(2, '2018-11-23 07:20:00', 4,4,4,4, 
			"Il passeggero è una persona tutto sommato per bene, si sarebbbe potuto risparmiare di cantare a squarciagola. 
			Nel complesso simpatico e non maleodorante.", 
		1, 'Vartabed', 'MatlacBrogue'),
	(3, '2018-11-23 17:45:00', 5,4,3,2 , 
			"Il passeggero è consigliato.", 
		1, 'Fluminous', 'Luminous');
	
INSERT INTO VEICOLICOINVOLTI VALUES
	('AB543CD', 'Fiat', 'Panda'),
	('CD432EF', 'Opel', 'Corsa'),
	('EF321GH', 'Nissan','Micra');
	
INSERT INTO SINISTRO(CodiceServizio,DataOraInizio,Targa ,TargaVeicoloS,NomeUtenteF,Dinamica) VALUES	
	(1, '2018-11-23 18:30:00', 'EE000HG', 'AB543CD', 'OttomAcracy', "Stop non rispettato, veicolo sopraggiunto urta la fiancata destra dell'auto in noleggio.");
	
	/*da qui in giu specificare nome colonne (da fare)*/
INSERT INTO TRACKING(Targa, IdentificativoS, Latitudine, Longitudine, TimestampT) VALUES /*PER IL CAR SHARING NON è SPECIFICATO A PRIORI UN TRAGITTO DA SEGUIRE, MENTRE PER IL CP E RS SI*/
/*CAR SHARING*/
	('HG001PQ', 3, 'N,31,32,01', 'E,033,034,001', '2018-11-23 18:33:00'),
    ('HG001PQ', 3, 'N,31,32,02', 'E,033,034,002', '2018-11-23 18:34:00'),
	('HG001PQ', 3, 'N,31,32,02', 'E,033,034,002', '2018-11-23 18:35:00'),
    ('HG001PQ', 3, 'N,31,32,02', 'E,033,034,002', '2018-11-23 18:36:00'),
	('HG001PQ', 3, 'N,31,32,02', 'E,033,034,002', '2018-11-23 18:37:00'),
    ('HG001PQ', 3, 'N,31,32,02', 'E,033,034,002', '2018-11-23 18:38:00'),
	
	('HG001PQ', 4, 'N,41,42,07', 'E,044,045,007', '2018-11-23 18:39:00'),
    ('HG001PQ', 4, 'N,41,42,07', 'E,044,045,007', '2018-11-23 18:40:00'),
	('HG001PQ', 4, 'N,41,42,07', 'E,044,045,007', '2018-11-23 18:41:00'),
    ('HG001PQ', 4, 'N,41,42,06', 'E,044,045,006', '2018-11-23 18:42:00'),
	('HG001PQ', 4, 'N,41,42,06', 'E,044,045,006', '2018-11-23 18:43:00'),
    ('HG001PQ', 4, 'N,41,42,05', 'E,044,045,005', '2018-11-23 18:44:00'),
	('HG001PQ', 4, 'N,41,42,04', 'E,044,045,004', '2018-11-23 18:45:00'),
    ('HG001PQ', 4, 'N,41,42,03', 'E,044,045,003', '2018-11-23 18:46:00'),
	('HG001PQ', 4, 'N,41,42,03', 'E,044,045,003', '2018-11-23 18:47:00'),
    ('HG001PQ', 4, 'N,41,42,03', 'E,044,045,003', '2018-11-23 18:48:00'),
	('HG001PQ', 4, 'N,41,42,02', 'E,044,045,002', '2018-11-23 18:49:00'),
    ('HG001PQ', 4, 'N,41,42,02', 'E,044,045,002', '2018-11-23 18:50:00'),
	
	('HG001PQ', 13,  'N,13,13,04', 'E,013,013,004', '2018-11-23 18:51:00'),
    ('HG001PQ', 13,  'N,13,13,04', 'E,013,013,004', '2018-11-23 18:52:00'),
	('HG001PQ', 13,  'N,13,13,04', 'E,013,013,004', '2018-11-23 18:53:00'),
    ('HG001PQ', 13,  'N,13,13,04', 'E,013,013,004', '2018-11-23 18:54:00'),
	('HG001PQ', 13,  'N,13,13,04', 'E,013,013,004', '2018-11-23 18:55:00'),
    ('HG001PQ', 13,  'N,13,13,03', 'E,013,013,003', '2018-11-23 18:56:00'),
	('HG001PQ', 13,  'N,13,13,03', 'E,013,013,003', '2018-11-23 18:57:00'),
    ('HG001PQ', 13,  'N,13,13,03', 'E,013,013,003', '2018-11-23 18:58:00'),
	('HG001PQ', 13,  'N,13,13,03', 'E,013,013,003', '2018-11-23 18:59:00'),
    ('HG001PQ', 13,  'N,13,13,03', 'E,013,013,003', '2018-11-23 19:00:00'),
	('HG001PQ', 13,  'N,13,13,03', 'E,013,013,003', '2018-11-23 19:01:00'),
    ('HG001PQ', 13,  'N,13,13,03', 'E,013,013,003', '2018-11-23 19:02:00'),
	('HG001PQ', 13,  'N,13,13,03', 'E,013,013,003', '2018-11-23 19:03:00'), /*MOLTO TRAFFICATO*/
    ('HG001PQ', 13,  'N,13,13,03', 'E,013,013,003', '2018-11-23 19:04:00'),
	('HG001PQ', 13,  'N,13,13,02', 'E,013,013,002', '2018-11-23 19:05:00'),
    ('HG001PQ', 13,  'N,13,13,02', 'E,013,013,002', '2018-11-23 19:06:00'),
	('HG001PQ', 13,  'N,13,13,01', 'E,013,013,001', '2018-11-23 19:07:00'),
    ('HG001PQ', 13,  'N,13,13,01', 'E,013,013,001', '2018-11-23 19:08:00'),
	('HG001PQ', 13,  'N,13,13,01', 'E,013,013,001', '2018-11-23 19:09:00'),
    ('HG001PQ', 13,  'N,13,13,01', 'E,013,013,001', '2018-11-23 19:10:00'),
    ('HG001PQ', 13,  'N,13,13,01', 'E,013,013,001', '2018-11-23 19:11:00'),
    ('HG001PQ', 13,  'N,13,13,01', 'E,013,013,001', '2018-11-23 19:12:00'),
	('HG001PQ', 13,  'N,13,13,02', 'E,013,013,002', '2018-11-23 19:13:00'),	/*QUI FA UNA SORTA DI RETRO FRONT*/
	('HG001PQ', 13,  'N,13,13,02', 'E,013,013,002', '2018-11-23 19:14:00'),
	('HG001PQ', 13,  'N,13,13,02', 'E,013,013,002', '2018-11-23 19:15:00'),
    ('HG001PQ', 13,  'N,13,13,02', 'E,013,013,002', '2018-11-23 19:16:00'),
	('HG001PQ', 13,  'N,13,13,03', 'E,013,013,003', '2018-11-23 19:17:00'),
    ('HG001PQ', 13,  'N,13,13,03', 'E,013,013,003', '2018-11-23 19:18:00'),
	('HG001PQ', 13,  'N,13,13,03', 'E,013,013,003', '2018-11-23 19:19:00'),
	/*SOSTA CHE FA LE SUE COSE*/
	/*TORNA INDIETRO*/
	('HG001PQ', 13, 'N,13,13,04', 'E,013,013,004', '2018-11-23 19:35:00'),
    ('HG001PQ', 13, 'N,13,13,04', 'E,013,013,004', '2018-11-23 19:36:00'),
	
	('HG001PQ', 4, 'N,41,42,02', 'E,044,045,002', '2018-11-23 19:37:00'),
    ('HG001PQ', 4, 'N,41,42,02', 'E,044,045,002', '2018-11-23 19:38:00'),
	('HG001PQ', 4, 'N,41,42,02', 'E,044,045,002', '2018-11-23 19:39:00'),
    ('HG001PQ', 4, 'N,41,42,03', 'E,044,045,003', '2018-11-23 19:40:00'),
	('HG001PQ', 4, 'N,41,42,04', 'E,044,045,004', '2018-11-23 19:41:00'),
    ('HG001PQ', 4, 'N,41,42,04', 'E,044,045,004', '2018-11-23 19:42:00'),
	('HG001PQ', 4, 'N,41,42,05', 'E,044,045,005', '2018-11-23 19:43:00'),
    ('HG001PQ', 4, 'N,41,42,05', 'E,044,045,005', '2018-11-23 19:44:00'),
	('HG001PQ', 4, 'N,41,42,05', 'E,044,045,005', '2018-11-23 19:45:00'),
    ('HG001PQ', 4, 'N,41,42,06', 'E,044,045,006', '2018-11-23 19:46:00'),
	('HG001PQ', 4, 'N,41,42,06', 'E,044,045,006', '2018-11-23 19:47:00'),
    ('HG001PQ', 4, 'N,41,42,06', 'E,044,045,006', '2018-11-23 19:48:00'),
	
	('HG001PQ', 3, 'N,31,32,02', 'E,033,034,002', '2018-11-23 19:49:00'),
    ('HG001PQ', 3, 'N,31,32,02', 'E,033,034,002', '2018-11-23 19:50:00'),
	('HG001PQ', 3, 'N,31,32,02', 'E,033,034,002', '2018-11-23 19:51:00'),
/*CARPOOLING (CON RICHIESTA DI VARIAZIONE ACCETTATA*/
	('PQ002AZ', 14, 'N,14,14,04', 'E,014,014,004', '2018-11-23 07:23:00'),
    ('PQ002AZ', 14, 'N,14,14,05', 'E,014,014,005', '2018-11-23 07:24:00'),
	('PQ002AZ', 14, 'N,14,14,06', 'E,014,014,006', '2018-11-23 07:25:00'),
    ('PQ002AZ', 14, 'N,14,14,06', 'E,014,014,006', '2018-11-23 07:26:00'),
	
	('PQ002AZ', 13, 'N,13,13,01', 'E,013,013,001', '2018-11-23 07:27:00'),
    ('PQ002AZ', 13, 'N,13,13,01', 'E,013,013,001', '2018-11-23 07:28:00'),
	('PQ002AZ', 13, 'N,13,13,02', 'E,013,013,002', '2018-11-23 07:29:00'),
    ('PQ002AZ', 13, 'N,13,13,03', 'E,013,013,003', '2018-11-23 07:30:00'),
	('PQ002AZ', 13, 'N,13,13,03', 'E,013,013,003', '2018-11-23 07:31:00'),
    ('PQ002AZ', 13, 'N,13,13,03', 'E,013,013,003', '2018-11-23 07:32:00'),
	('PQ002AZ', 13, 'N,13,13,03', 'E,013,013,003', '2018-11-23 07:33:00'),
    ('PQ002AZ', 13, 'N,13,13,04', 'E,013,013,004', '2018-11-23 07:34:00'),
	('PQ002AZ', 13, 'N,13,13,04', 'E,013,013,004', '2018-11-23 07:35:00'),
    ('PQ002AZ', 13, 'N,13,13,04', 'E,013,013,004', '2018-11-23 07:36:00'),
	
	('PQ002AZ', 4, 'N,41,42,02', 'E,044,045,002', '2018-11-23 07:37:00'),
    ('PQ002AZ', 4, 'N,41,42,02', 'E,044,045,002', '2018-11-23 07:38:00'),
	('PQ002AZ', 4, 'N,41,42,03', 'E,044,045,003', '2018-11-23 07:39:00'),
    ('PQ002AZ', 4, 'N,41,42,03', 'E,044,045,003', '2018-11-23 07:40:00'),
	('PQ002AZ', 4, 'N,41,42,04', 'E,044,045,004', '2018-11-23 07:41:00'),
    ('PQ002AZ', 4, 'N,41,42,04', 'E,044,045,004', '2018-11-23 07:42:00'),
	('PQ002AZ', 4, 'N,41,42,05', 'E,044,045,005', '2018-11-23 07:43:00'),
    ('PQ002AZ', 4, 'N,41,42,05', 'E,044,045,005', '2018-11-23 07:44:00'),
	('PQ002AZ', 4, 'N,41,42,05', 'E,044,045,005', '2018-11-23 07:45:00'),
    ('PQ002AZ', 4, 'N,41,42,06', 'E,044,045,006', '2018-11-23 07:46:00'),
	('PQ002AZ', 4, 'N,41,42,06', 'E,044,045,006', '2018-11-23 07:47:00'),
    ('PQ002AZ', 4, 'N,41,42,06', 'E,044,045,006', '2018-11-23 07:48:00'),
	('PQ002AZ', 4, 'N,41,42,06', 'E,044,045,006', '2018-11-23 07:49:00'),
    ('PQ002AZ', 4, 'N,41,42,07', 'E,044,045,007', '2018-11-23 07:50:00'),
	('PQ002AZ', 4, 'N,41,42,07', 'E,044,045,007', '2018-11-23 07:51:00'),
    ('PQ002AZ', 4, 'N,41,42,07', 'E,044,045,007', '2018-11-23 07:52:00'),
	
	('PQ002AZ', 6, 'N,61,62,00', 'E,066,067,000', '2018-11-23 07:53:00'),
    ('PQ002AZ', 6, 'N,61,62,00', 'E,066,067,000', '2018-11-23 07:54:00'),
	('PQ002AZ', 6, 'N,61,62,01', 'E,066,067,001', '2018-11-23 07:55:00'),
    ('PQ002AZ', 6, 'N,61,62,02', 'E,066,067,002', '2018-11-23 07:56:00'),
	('PQ002AZ', 6, 'N,61,62,02', 'E,066,067,002', '2018-11-23 07:57:00'),
    ('PQ002AZ', 6, 'N,61,62,03', 'E,066,067,003', '2018-11-23 07:58:00'),
	('PQ002AZ', 6, 'N,61,62,03', 'E,066,067,003', '2018-11-23 07:59:00'),
    ('PQ002AZ', 6, 'N,61,62,03', 'E,066,067,003', '2018-11-23 08:00:00'),
	('PQ002AZ', 6, 'N,61,62,04', 'E,066,067,004', '2018-11-23 08:01:00'),
    ('PQ002AZ', 6, 'N,61,62,04', 'E,066,067,004', '2018-11-23 08:02:00'),
	('PQ002AZ', 6, 'N,61,62,05', 'E,066,067,005', '2018-11-23 08:03:00'),
    ('PQ002AZ', 6, 'N,61,62,05', 'E,066,067,005', '2018-11-23 08:04:00'),
	('PQ002AZ', 6, 'N,61,62,06', 'E,066,067,006', '2018-11-23 08:05:00'),
	('PQ002AZ', 6, 'N,61,62,06', 'E,066,067,006', '2018-11-23 08:06:00'),
	
	('PQ002AZ', 15, 'N,15,15,01', 'E,015,015,001', '2018-11-23 08:07:00'),
	
    ('PQ002AZ', 7, 'N,71,72,02', 'E,077,078,002', '2018-11-23 08:08:00'),
	('PQ002AZ', 7, 'N,71,72,03', 'E,077,078,003', '2018-11-23 08:09:00'),
    ('PQ002AZ', 7, 'N,71,72,04', 'E,077,078,004', '2018-11-23 08:10:00'),
	('PQ002AZ', 7, 'N,71,72,06', 'E,077,078,006', '2018-11-23 08:11:00'),
    ('PQ002AZ', 7, 'N,71,72,10', 'E,077,078,010', '2018-11-23 08:12:00'),
	('PQ002AZ', 7, 'N,71,72,10', 'E,077,078,010', '2018-11-23 08:13:00'),
    ('PQ002AZ', 7, 'N,71,72,15', 'E,077,078,015', '2018-11-23 08:14:00'),
	('PQ002AZ', 7, 'N,71,72,15', 'E,077,078,015', '2018-11-23 08:15:00'),
    ('PQ002AZ', 7, 'N,71,72,18', 'E,077,078,018', '2018-11-23 08:16:00'),
	('PQ002AZ', 7, 'N,71,72,20', 'E,077,078,020', '2018-11-23 08:17:00'),
    ('PQ002AZ', 7, 'N,71,72,21', 'E,077,078,021', '2018-11-23 08:18:00'),
	('PQ002AZ', 7, 'N,71,72,22', 'E,077,078,022', '2018-11-23 08:19:00'),
    ('PQ002AZ', 7, 'N,71,72,23', 'E,077,078,023', '2018-11-23 08:20:00'),
	('PQ002AZ', 7, 'N,71,72,24', 'E,077,078,024', '2018-11-23 08:21:00'),
    ('PQ002AZ', 7, 'N,71,72,26', 'E,077,078,026', '2018-11-23 08:22:00'),
	('PQ002AZ', 7, 'N,71,72,28', 'E,077,078,028', '2018-11-23 08:23:00'),
    ('PQ002AZ', 7, 'N,71,72,29', 'E,077,078,029', '2018-11-23 08:24:00'),
	('PQ002AZ', 7, 'N,71,72,30', 'E,077,078,030', '2018-11-23 08:25:00'),
    ('PQ002AZ', 7, 'N,71,72,30', 'E,077,078,030', '2018-11-23 08:26:00'),
	
	('PQ002AZ', 16, 'N,16,16,00', 'E,016,016,000', '2018-11-23 08:27:00'),
    ('PQ002AZ', 16, 'N,16,16,00', 'E,016,016,000', '2018-11-23 08:28:00'),
	
	('PQ002AZ', 8, 'N,81,82,15', 'E,088,089,015', '2018-11-23 08:29:00'),
    ('PQ002AZ', 8, 'N,81,82,14', 'E,088,089,014', '2018-11-23 08:30:00'),
	('PQ002AZ', 8, 'N,81,82,13', 'E,088,089,013', '2018-11-23 08:31:00'),
    ('PQ002AZ', 8, 'N,81,82,13', 'E,088,089,013', '2018-11-23 08:32:00'),
	
	('PQ002AZ', 9, 'N,19,19,11', 'E,099,091,011', '2018-11-23 08:33:00'),
    ('PQ002AZ', 9, 'N,19,19,11', 'E,099,091,011', '2018-11-23 08:34:00'),
	('PQ002AZ', 9, 'N,19,19,10', 'E,099,091,010', '2018-11-23 08:35:00'),
    ('PQ002AZ', 9, 'N,19,19,09', 'E,099,091,009' , '2018-11-23 08:36:00'),
	('PQ002AZ', 9, 'N,19,19,09', 'E,099,091,009' , '2018-11-23 08:37:00'),
    ('PQ002AZ', 9, 'N,19,19,09', 'E,099,091,009' , '2018-11-23 08:38:00'),
	
	('PQ002AZ', 8, 'N,81,82,13', 'E,088,089,013', '2018-11-23 08:39:00'),
    ('PQ002AZ', 8, 'N,81,82,13', 'E,088,089,013', '2018-11-23 08:40:00'),
	('PQ002AZ', 8, 'N,81,82,14', 'E,088,089,014', '2018-11-23 08:41:00'),
    ('PQ002AZ', 8, 'N,81,82,15', 'E,088,089,015', '2018-11-23 08:42:00'),
	
	('PQ002AZ', 11, 'N,11,11,05', 'E,011,011,005', '2018-11-23 08:43:00'),
    ('PQ002AZ', 11, 'N,11,11,05', 'E,011,011,005', '2018-11-23 08:44:00'),
	('PQ002AZ', 11, 'N,11,11,04', 'E,011,011,004', '2018-11-23 08:45:00'),
    ('PQ002AZ', 11, 'N,11,11,03', 'E,011,011,003', '2018-11-23 08:46:00'),
	('PQ002AZ', 11, 'N,11,11,03', 'E,011,011,003', '2018-11-23 08:47:00'),
/*TRACKING DEL RIDE-SHARING SUPPONIAMO CHE L'AUTISTA PARTA DALLA CASA 1, OVVERO: STRADA Q(14), KM  4 --> */

	('HG001PQ',	14, 'N,14,14,04', 'E,014,014,004', '2018-11-23 17:50:00'),
    ('HG001PQ',	14, 'N,14,14,04', 'E,014,014,004', '2018-11-23 17:51:00'),
	('HG001PQ',	14, 'N,14,14,04', 'E,014,014,004', '2018-11-23 17:52:00'),
	('HG001PQ',	14, 'N,14,14,05', 'E,014,014,005', '2018-11-23 17:53:00'),
	('HG001PQ',	14, 'N,14,14,05', 'E,014,014,005', '2018-11-23 17:54:00'),
    ('HG001PQ',	14, 'N,14,14,05', 'E,014,014,005', '2018-11-23 17:55:00'),
	('HG001PQ',	14, 'N,14,14,06', 'E,014,014,006', '2018-11-23 17:56:00'),
    ('HG001PQ',	14, 'N,14,14,06', 'E,014,014,006', '2018-11-23 17:57:00'),
	('HG001PQ',	14, 'N,14,14,06', 'E,014,014,006', '2018-11-23 17:58:00'),
    ('HG001PQ',	14, 'N,14,14,06', 'E,014,014,006', '2018-11-23 17:59:00'),
	
	('HG001PQ',	13, 'N,13,13,01', 'E,013,013,001', '2018-11-23 18:00:00'),
    ('HG001PQ',	13, 'N,13,13,02', 'E,013,013,002', '2018-11-23 18:01:00'),
	('HG001PQ',	13, 'N,13,13,03', 'E,013,013,003', '2018-11-23 18:02:00'),
    ('HG001PQ',	13, 'N,13,13,04', 'E,013,013,004', '2018-11-23 18:03:00'),
	('HG001PQ',	13, 'N,13,13,04', 'E,013,013,004', '2018-11-23 18:04:00'),
	
    ('HG001PQ',	4, 'N,41,42,02', 'E,044,045,002', '2018-11-23 18:05:00'),
	('HG001PQ',	4, 'N,41,42,02', 'E,044,045,002', '2018-11-23 18:06:00'),
    ('HG001PQ',	4, 'N,41,42,03', 'E,044,045,003', '2018-11-23 18:07:00'),
	('HG001PQ',	4, 'N,41,42,03', 'E,044,045,003', '2018-11-23 18:08:00'),
    ('HG001PQ',	4, 'N,41,42,04', 'E,044,045,004', '2018-11-23 18:09:00'),
	('HG001PQ',	4, 'N,41,42,04', 'E,044,045,004', '2018-11-23 18:10:00'),
    ('HG001PQ',	4, 'N,41,42,05', 'E,044,045,005', '2018-11-23 18:11:00'),
	('HG001PQ',	4, 'N,41,42,06', 'E,044,045,006', '2018-11-23 18:12:00'),
    ('HG001PQ',	4, 'N,41,42,06', 'E,044,045,006', '2018-11-23 18:13:00'),
	('HG001PQ',	4, 'N,41,42,07', 'E,044,045,007', '2018-11-23 18:14:00'),
    ('HG001PQ',	4, 'N,41,42,07', 'E,044,045,007', '2018-11-23 18:15:00'),
	
	('HG001PQ',	3, 'N,31,32,02', 'E,033,034,002', '2018-11-23 18:16:00'),
    ('HG001PQ',	3, 'N,31,32,02', 'E,033,034,002', '2018-11-23 18:17:00'),
	('HG001PQ',	3, 'N,31,32,01', 'E,033,034,001', '2018-11-23 18:18:00'),
    ('HG001PQ',	3, 'N,31,32,00', 'E,033,034,000', '2018-11-23 18:19:00'),
	
	('HG001PQ',	2, 'N,21,22,13', 'E,022,023,013', '2018-11-23 18:20:00'),
    ('HG001PQ',	2, 'N,21,22,13', 'E,022,023,013', '2018-11-23 18:21:00'),
	('HG001PQ',	2, 'N,21,22,12', 'E,022,023,012', '2018-11-23 18:22:00'),
    ('HG001PQ',	2, 'N,21,22,11', 'E,022,023,011', '2018-11-23 18:23:00'),
	('HG001PQ',	2, 'N,21,22,10', 'E,022,023,010', '2018-11-23 18:24:00'),   /*DEVE ANDARE A PRENDERLO QUI*/
	('HG001PQ',	2, 'N,21,22,10', 'E,022,023,010', '2018-11-23 18:25:00'),
    ('HG001PQ',	2, 'N,21,22,11', 'E,022,023,011', '2018-11-23 18:26:00'),
    ('HG001PQ',	2, 'N,21,22,12', 'E,022,023,012', '2018-11-23 18:27:00'),
	('HG001PQ',	2, 'N,21,22,13', 'E,022,023,013', '2018-11-23 18:28:00'),
    ('HG001PQ',	2, 'N,21,22,13', 'E,022,023,013', '2018-11-23 18:29:00'),
	
	('HG001PQ',	3, 'N,31,32,00', 'E,033,034,000', '2018-11-23 18:30:00'),
    ('HG001PQ',	3, 'N,31,32,01', 'E,033,034,001', '2018-11-23 18:31:00'),
	('HG001PQ',	3, 'N,31,32,02', 'E,033,034,002', '2018-11-23 18:32:00'),
	
	('HG001PQ',	5, 'N,51,52,25', 'E,055,056,025', '2018-11-23 18:33:00'),
    ('HG001PQ',	5, 'N,51,52,23', 'E,055,056,023', '2018-11-23 18:34:00'),
	('HG001PQ',	5, 'N,51,52,21', 'E,055,056,021', '2018-11-23 18:35:00'),
    ('HG001PQ',	5, 'N,51,52,19', 'E,055,056,019', '2018-11-23 18:36:00'),
	('HG001PQ',	5, 'N,51,52,18', 'E,055,056,018', '2018-11-23 18:37:00'),
    ('HG001PQ',	5, 'N,51,52,17', 'E,055,056,017', '2018-11-23 18:38:00'),
	('HG001PQ',	5, 'N,51,52,16', 'E,055,056,016', '2018-11-23 18:39:00'),   /*lo ha portato*/
    
    
/*TRACKING DEL CAR SHARING*/
	('PQ002AZ',	11, 'N,11,11,03', 'E,011,011,003', '2018-11-27 08:10:00'),
    ('PQ002AZ',	11, 'N,11,11,04', 'E,011,011,004', '2018-11-27 08:11:00'),
	('PQ002AZ',	11, 'N,11,11,04', 'E,011,011,004', '2018-11-27 08:12:00'),
    ('PQ002AZ',	11, 'N,11,11,05', 'E,011,011,005', '2018-11-27 08:13:00'),
	('PQ002AZ',	11, 'N,11,11,05', 'E,011,011,005', '2018-11-27 08:14:00'),
    ('PQ002AZ',	11, 'N,11,11,05', 'E,011,011,005', '2018-11-27 08:15:00'),
	
	('PQ002AZ',	10, 'N,10,10,08', 'E,010,010,008', '2018-11-27 08:16:00'),
    ('PQ002AZ',	10, 'N,10,10,07', 'E,010,010,007', '2018-11-27 08:17:00'),
	('PQ002AZ',	10, 'N,10,10,06', 'E,010,010,006', '2018-11-27 08:18:00'),
    ('PQ002AZ',	10, 'N,10,10,05', 'E,010,010,005', '2018-11-27 08:19:00'),
	('PQ002AZ',	10, 'N,10,10,04', 'E,010,010,004', '2018-11-27 08:20:00'),
    ('PQ002AZ',	10, 'N,10,10,04', 'E,010,010,004', '2018-11-27 08:21:00'),
	
	('PQ002AZ',	9, 'N,19,19,11', 'E,099,091,011', '2018-11-27 08:22:00'),
    ('PQ002AZ',	9, 'N,19,19,11', 'E,099,091,011', '2018-11-27 08:23:00'),
	('PQ002AZ',	9, 'N,19,19,10', 'E,099,091,010', '2018-11-27 08:24:00'),
    ('PQ002AZ',	9, 'N,19,19,10', 'E,099,091,010', '2018-11-27 08:25:00'),
	('PQ002AZ',	9, 'N,19,19,09', 'E,099,091,009', '2018-11-27 08:26:00'),
	('PQ002AZ',	9, 'N,19,19,09', 'E,099,091,009', '2018-11-27 08:27:00'),
	
	('PQ002AZ',	8, 'N,81,82,11', 'E,088,089,011', '2018-11-27 08:28:00'),
    ('PQ002AZ',	8, 'N,81,82,12', 'E,088,089,012', '2018-11-27 08:29:00'),
	('PQ002AZ',	8, 'N,81,82,13', 'E,088,089,013', '2018-11-27 08:30:00'),
	/*sosta*/
	('PQ002AZ',	8, 'N,81,82,14', 'E,088,089,014', '2018-11-27 08:41:00'),
    ('PQ002AZ',	8, 'N,81,82,14', 'E,088,089,014', '2018-11-27 08:42:00'),
	('PQ002AZ',	8, 'N,81,82,15', 'E,088,089,015', '2018-11-27 08:43:00'),
    ('PQ002AZ',	8, 'N,81,82,15', 'E,088,089,015', '2018-11-27 08:44:00'),
	
	('PQ002AZ',	16, 'N,16,16,00', 'E,016,016,000', '2018-11-27 08:45:00'),
    ('PQ002AZ',	16, 'N,16,16,00', 'E,016,016,000', '2018-11-27 08:46:00'),
	('PQ002AZ',	16, 'N,16,16,01', 'E,016,016,001', '2018-11-27 08:47:00'),
    ('PQ002AZ',	16, 'N,16,16,01', 'E,016,016,001', '2018-11-27 08:48:00'),
		
	('PQ002AZ',11, 'N,11,11,05', 'E,011,011,005', '2018-11-27 08:49:00'),
    ('PQ002AZ',11, 'N,11,11,05', 'E,011,011,005', '2018-11-27 08:50:00'),
	('PQ002AZ',11, 'N,11,11,04', 'E,011,011,004', '2018-11-27 08:51:00'),
    ('PQ002AZ',11, 'N,11,11,04', 'E,011,011,004', '2018-11-27 08:52:00'),
	('PQ002AZ',11, 'N,11,11,03', 'E,011,011,003', '2018-11-27 08:53:00');